U.S. FIPS County Codes,,
State,County Name,FIPS County
Alabama,Autauga,001
Alabama,Baldwin,003
Alabama,Barbour,005
Alabama,Bibb,007
Alabama,Blount,009
Alabama,Bullock,011
Alabama,Butler,013
Alabama,Calhoun,015
Alabama,Chambers,017
Alabama,Cherokee,019
Alabama,Chilton,021
Alabama,Choctaw,023
Alabama,Clarke,025
Alabama,Clay,027
Alabama,Cleburne,029
Alabama,Coffee,031
Alabama,Colbert,033
Alabama,Conecuh,035
Alabama,Coosa,037
Alabama,Covington,039
Alabama,Crenshaw,041
Alabama,Cullman,043
Alabama,Dale,045
Alabama,Dallas,047
Alabama,De Kalb,049
Alabama,Elmore,051
Alabama,Escambia,053
Alabama,Etowah,055
Alabama,Fayette,057
Alabama,Franklin,059
Alabama,Geneva,061
Alabama,Greene,063
Alabama,Hale,065
Alabama,Henry,067
Alabama,Houston,069
Alabama,Jackson,071
Alabama,Jefferson,073
Alabama,Lamar,075
Alabama,Lauderdale,077
Alabama,Lawrence,079
Alabama,Lee,081
Alabama,Limestone,083
Alabama,Lowndes,085
Alabama,Macon,087
Alabama,Madison,089
Alabama,Marengo,091
Alabama,Marion,093
Alabama,Marshall,095
Alabama,Mobile,097
Alabama,Monroe,099
Alabama,Montgomery,101
Alabama,Morgan,103
Alabama,Perry,105
Alabama,Pickens,107
Alabama,Pike,109
Alabama,Randolph,111
Alabama,Russell,113
Alabama,St Clair,115
Alabama,Shelby,117
Alabama,Sumter,119
Alabama,Talladega,121
Alabama,Tallapoosa,123
Alabama,Tuscaloosa,125
Alabama,Walker,127
Alabama,Washington,129
Alabama,Wilcox,131
Alabama,Winston,133
Alaska,Aleutians East,013
Alaska,Aleutians West,016
Alaska,Anchorage,020
Alaska,Bethel,050
Alaska,Bristol Bay,060
Alaska,Denali,068
Alaska,Dillingham,070
Alaska,Fairbanks North Star,090
Alaska,Haines,100
Alaska,Juneau,110
Alaska,Kenai Peninsula,122
Alaska,Ketchikan Gateway,130
Alaska,Kodiak Island,150
Alaska,Lake and Peninsula,164
Alaska,Matanuska Susitna,170
Alaska,Nome,180
Alaska,North Slope,185
Alaska,Northwest Arctic,188
Alaska,Prince Wales Ketchikan,201
Alaska,Sitka,220
Alaska,Skagway Hoonah Angoon,232
Alaska,Southeast Fairbanks,240
Alaska,Valdez Cordova,261
Alaska,Wade Hampton,270
Alaska,Wrangell Petersburg,280
Alaska,Yakutat,282
Alaska,Yukon Koyukuk,290
Arizona,Apache,001
Arizona,Cochise,003
Arizona,Coconino,005
Arizona,Gila,007
Arizona,Graham,009
Arizona,Greenlee,011
Arizona,La Paz,012
Arizona,Maricopa,013
Arizona,Mohave,015
Arizona,Navajo,017
Arizona,Pima,019
Arizona,Pinal,021
Arizona,Santa Cruz,023
Arizona,Yavapai,025
Arizona,Yuma,027
Arkansas,Arkansas,001
Arkansas,Ashley,003
Arkansas,Baxter,005
Arkansas,Benton,007
Arkansas,Boone,009
Arkansas,Bradley,011
Arkansas,Calhoun,013
Arkansas,Carroll,015
Arkansas,Chicot,017
Arkansas,Clark,019
Arkansas,Clay,021
Arkansas,Cleburne,023
Arkansas,Cleveland,025
Arkansas,Columbia,027
Arkansas,Conway,029
Arkansas,Craighead,031
Arkansas,Crawford,033
Arkansas,Crittenden,035
Arkansas,Cross,037
Arkansas,Dallas,039
Arkansas,Desha,041
Arkansas,Drew,043
Arkansas,Faulkner,045
Arkansas,Franklin,047
Arkansas,Fulton,049
Arkansas,Garland,051
Arkansas,Grant,053
Arkansas,Greene,055
Arkansas,Hempstead,057
Arkansas,Hot Spring,059
Arkansas,Howard,061
Arkansas,Independence,063
Arkansas,Izard,065
Arkansas,Jackson,067
Arkansas,Jefferson,069
Arkansas,Johnson,071
Arkansas,Lafayette,073
Arkansas,Lawrence,075
Arkansas,Lee,077
Arkansas,Lincoln,079
Arkansas,Little River,081
Arkansas,Logan,083
Arkansas,Lonoke,085
Arkansas,Madison,087
Arkansas,Marion,089
Arkansas,Miller,091
Arkansas,Mississippi,093
Arkansas,Monroe,095
Arkansas,Nevada,099
Arkansas,Newton,101
Arkansas,Ouachita,103
Arkansas,Perry,105
Arkansas,Phillips,107
Arkansas,Pike,109
Arkansas,Poinsett,111
Arkansas,Polk,113
Arkansas,Pope,115
Arkansas,Prairie,117
Arkansas,Pulaski,119
Arkansas,Randolph,121
Arkansas,St Francis,123
Arkansas,Saline,125
Arkansas,Scott,127
Arkansas,Searcy,129
Arkansas,Sebastian,131
Arkansas,Sevier,133
Arkansas,Sharp,135
Arkansas,Stone,137
Arkansas,Union,139
Arkansas,Van Buren,141
Arkansas,Washington,143
Arkansas,White,145
Arkansas,Woodruff,147
Arkansas,Yell,149
California,Alameda,001
California,Alpine,003
California,Amador,005
California,Butte,007
California,Calaveras,009
California,Colusa,011
California,Contra Costa,013
California,Del Norte,015
California,El Dorado,017
California,Fresno,019
California,Glenn,021
California,Humboldt,023
California,Imperial,025
California,Inyo,027
California,Kern,029
California,Kings,031
California,Lake,033
California,Lassen,035
California,Los Angeles,037
California,Madera,039
California,Marin,041
California,Mariposa,043
California,Mendocino,045
California,Merced,047
California,Modoc,049
California,Mono,051
California,Monterey,053
California,Napa,055
California,Nevada,057
California,Orange,059
California,Placer,061
California,Plumas,063
California,Riverside,065
California,Sacramento,067
California,San Benito,069
California,San Bernardino,071
California,San Diego,073
California,San Francisco,075
California,San Joaquin,077
California,San Luis Obispo,079
California,San Mateo,081
California,Santa Barbara,083
California,Santa Clara,085
California,Santa Cruz,087
California,Shasta,089
California,Sierra,091
California,Siskiyou,093
California,Solano,095
California,Sonoma,097
California,Stanislaus,099
California,Sutter,101
California,Tehama,103
California,Trinity,105
California,Tulare,107
California,Tuolumne,109
California,Ventura,111
California,Yolo,113
California,Yuba,115
Colorado,Adams,001
Colorado,Alamosa,003
Colorado,Arapahoe,005
Colorado,Archuleta,007
Colorado,Baca,009
Colorado,Bent,011
Colorado,Boulder,013
Colorado,Broomfield,014
Colorado,Chaffee,015
Colorado,Cheyenne,017
Colorado,Clear Creek,019
Colorado,Conejos,021
Colorado,Costilla,023
Colorado,Crowley,025
Colorado,Custer,027
Colorado,Delta,029
Colorado,Denver,031
Colorado,Dolores,033
Colorado,Douglas,035
Colorado,Eagle,037
Colorado,Elbert,039
Colorado,El Paso,041
Colorado,Fremont,043
Colorado,Garfield,045
Colorado,Gilpin,047
Colorado,Grand,049
Colorado,Gunnison,051
Colorado,Hinsdale,053
Colorado,Huerfano,055
Colorado,Jackson,057
Colorado,Jefferson,059
Colorado,Kiowa,061
Colorado,Kit Carson,063
Colorado,Lake,065
Colorado,La Plata,067
Colorado,Larimer,069
Colorado,Las Animas,071
Colorado,Lincoln,073
Colorado,Logan,075
Colorado,Mesa,077
Colorado,Mineral,079
Colorado,Moffat,081
Colorado,Montezuma,083
Colorado,Montrose,085
Colorado,Morgan,087
Colorado,Otero,089
Colorado,Ouray,091
Colorado,Park,093
Colorado,Phillips,095
Colorado,Pitkin,097
Colorado,Prowers,099
Colorado,Pueblo,101
Colorado,Rio Blanco,103
Colorado,Rio Grande,105
Colorado,Routt,107
Colorado,Saguache,109
Colorado,San Juan,111
Colorado,San Miguel,113
Colorado,Sedgwick,115
Colorado,Summit,117
Colorado,Teller,119
Colorado,Washington,121
Colorado,Weld,123
Colorado,Yuma,125
Connecticut,Fairfield,001
Connecticut,Hartford,003
Connecticut,Litchfield,005
Connecticut,Middlesex,007
Connecticut,New Haven,009
Connecticut,New London,011
Connecticut,Tolland,013
Connecticut,Windham,015
Delaware,Kent,001
Delaware,New Castle,003
Delaware,Sussex,005
District of Columbia,District of Columbia,001
District of Columbia,Montgomery,031
Florida,Alachua,001
Florida,Baker,003
Florida,Bay,005
Florida,Bradford,007
Florida,Brevard,009
Florida,Broward,011
Florida,Calhoun,013
Florida,Charlotte,015
Florida,Citrus,017
Florida,Clay,019
Florida,Collier,021
Florida,Columbia,023
Florida,De Soto,027
Florida,Dixie,029
Florida,Duval,031
Florida,Escambia,033
Florida,Flagler,035
Florida,Franklin,037
Florida,Gadsden,039
Florida,Gilchrist,041
Florida,Glades,043
Florida,Gulf,045
Florida,Hamilton,047
Florida,Hardee,049
Florida,Hendry,051
Florida,Hernando,053
Florida,Highlands,055
Florida,Hillsborough,057
Florida,Holmes,059
Florida,Indian River,061
Florida,Jackson,063
Florida,Jefferson,065
Florida,Lafayette,067
Florida,Lake,069
Florida,Lee,071
Florida,Leon,073
Florida,Levy,075
Florida,Liberty,077
Florida,Madison,079
Florida,Manatee,081
Florida,Marion,083
Florida,Martin,085
Florida,Miami-Dade,086
Florida,Monroe,087
Florida,Nassau,089
Florida,Okaloosa,091
Florida,Okeechobee,093
Florida,Orange,095
Florida,Osceola,097
Florida,Palm Beach,099
Florida,Pasco,101
Florida,Pinellas,103
Florida,Polk,105
Florida,Putnam,107
Florida,St Johns,109
Florida,St Lucie,111
Florida,Santa Rosa,113
Florida,Sarasota,115
Florida,Seminole,117
Florida,Sumter,119
Florida,Suwannee,121
Florida,Taylor,123
Florida,Union,125
Florida,Volusia,127
Florida,Wakulla,129
Florida,Walton,131
Florida,Washington,133
Georgia,Appling,001
Georgia,Atkinson,003
Georgia,Bacon,005
Georgia,Baker,007
Georgia,Baldwin,009
Georgia,Banks,011
Georgia,Barrow,013
Georgia,Bartow,015
Georgia,Ben Hill,017
Georgia,Berrien,019
Georgia,Bibb,021
Georgia,Bleckley,023
Georgia,Brantley,025
Georgia,Brooks,027
Georgia,Bryan,029
Georgia,Bulloch,031
Georgia,Burke,033
Georgia,Butts,035
Georgia,Calhoun,037
Georgia,Camden,039
Georgia,Candler,043
Georgia,Carroll,045
Georgia,Catoosa,047
Georgia,Charlton,049
Georgia,Chatham,051
Georgia,Chattahoochee,053
Georgia,Chattooga,055
Georgia,Cherokee,057
Georgia,Clarke,059
Georgia,Clay,061
Georgia,Clayton,063
Georgia,Clinch,065
Georgia,Cobb,067
Georgia,Coffee,069
Georgia,Colquitt,071
Georgia,Columbia,073
Georgia,Cook,075
Georgia,Coweta,077
Georgia,Crawford,079
Georgia,Crisp,081
Georgia,Dade,083
Georgia,Dawson,085
Georgia,Decatur,087
Georgia,De Kalb,089
Georgia,Dodge,091
Georgia,Dooly,093
Georgia,Dougherty,095
Georgia,Douglas,097
Georgia,Early,099
Georgia,Echols,101
Georgia,Effingham,103
Georgia,Elbert,105
Georgia,Emanuel,107
Georgia,Evans,109
Georgia,Fannin,111
Georgia,Fayette,113
Georgia,Floyd,115
Georgia,Forsyth,117
Georgia,Franklin,119
Georgia,Fulton,121
Georgia,Gilmer,123
Georgia,Glascock,125
Georgia,Glynn,127
Georgia,Gordon,129
Georgia,Grady,131
Georgia,Greene,133
Georgia,Gwinnett,135
Georgia,Habersham,137
Georgia,Hall,139
Georgia,Hancock,141
Georgia,Haralson,143
Georgia,Harris,145
Georgia,Hart,147
Georgia,Heard,149
Georgia,Henry,151
Georgia,Houston,153
Georgia,Irwin,155
Georgia,Jackson,157
Georgia,Jasper,159
Georgia,Jeff Davis,161
Georgia,Jefferson,163
Georgia,Jenkins,165
Georgia,Johnson,167
Georgia,Jones,169
Georgia,Lamar,171
Georgia,Lanier,173
Georgia,Laurens,175
Georgia,Lee,177
Georgia,Liberty,179
Georgia,Lincoln,181
Georgia,Long,183
Georgia,Lowndes,185
Georgia,Lumpkin,187
Georgia,McDuffie,189
Georgia,McIntosh,191
Georgia,Macon,193
Georgia,Madison,195
Georgia,Marion,197
Georgia,Meriwether,199
Georgia,Miller,201
Georgia,Mitchell,205
Georgia,Monroe,207
Georgia,Montgomery,209
Georgia,Morgan,211
Georgia,Murray,213
Georgia,Muscogee,215
Georgia,Newton,217
Georgia,Oconee,219
Georgia,Oglethorpe,221
Georgia,Paulding,223
Georgia,Peach,225
Georgia,Pickens,227
Georgia,Pierce,229
Georgia,Pike,231
Georgia,Polk,233
Georgia,Pulaski,235
Georgia,Putnam,237
Georgia,Quitman,239
Georgia,Rabun,241
Georgia,Randolph,243
Georgia,Richmond,245
Georgia,Rockdale,247
Georgia,Schley,249
Georgia,Screven,251
Georgia,Seminole,253
Georgia,Spalding,255
Georgia,Stephens,257
Georgia,Stewart,259
Georgia,Sumter,261
Georgia,Talbot,263
Georgia,Taliaferro,265
Georgia,Tattnall,267
Georgia,Taylor,269
Georgia,Telfair,271
Georgia,Terrell,273
Georgia,Thomas,275
Georgia,Tift,277
Georgia,Toombs,279
Georgia,Towns,281
Georgia,Treutlen,283
Georgia,Troup,285
Georgia,Turner,287
Georgia,Twiggs,289
Georgia,Union,291
Georgia,Upson,293
Georgia,Walker,295
Georgia,Walton,297
Georgia,Ware,299
Georgia,Warren,301
Georgia,Washington,303
Georgia,Wayne,305
Georgia,Webster,307
Georgia,Wheeler,309
Georgia,White,311
Georgia,Whitfield,313
Georgia,Wilcox,315
Georgia,Wilkes,317
Georgia,Wilkinson,319
Georgia,Worth,321
Hawaii,Hawaii,001
Hawaii,Honolulu,003
Hawaii,Kauai,007
Hawaii,Maui,009
Idaho,Ada,001
Idaho,Adams,003
Idaho,Bannock,005
Idaho,Bear Lake,007
Idaho,Benewah,009
Idaho,Bingham,011
Idaho,Blaine,013
Idaho,Boise,015
Idaho,Bonner,017
Idaho,Bonneville,019
Idaho,Boundary,021
Idaho,Butte,023
Idaho,Camas,025
Idaho,Canyon,027
Idaho,Caribou,029
Idaho,Cassia,031
Idaho,Clark,033
Idaho,Clearwater,035
Idaho,Custer,037
Idaho,Elmore,039
Idaho,Franklin,041
Idaho,Fremont,043
Idaho,Gem,045
Idaho,Gooding,047
Idaho,Idaho,049
Idaho,Jefferson,051
Idaho,Jerome,053
Idaho,Kootenai,055
Idaho,Latah,057
Idaho,Lemhi,059
Idaho,Lewis,061
Idaho,Lincoln,063
Idaho,Madison,065
Idaho,Minidoka,067
Idaho,Nez Perce,069
Idaho,Oneida,071
Idaho,Owyhee,073
Idaho,Payette,075
Idaho,Power,077
Idaho,Shoshone,079
Idaho,Teton,081
Idaho,Twin Falls,083
Idaho,Valley,085
Idaho,Washington,087
Illinois,Adams,001
Illinois,Alexander,003
Illinois,Bond,005
Illinois,Boone,007
Illinois,Brown,009
Illinois,Bureau,011
Illinois,Calhoun,013
Illinois,Carroll,015
Illinois,Cass,017
Illinois,Champaign,019
Illinois,Christian,021
Illinois,Clark,023
Illinois,Clay,025
Illinois,Clinton,027
Illinois,Coles,029
Illinois,Cook,031
Illinois,Crawford,033
Illinois,Cumberland,035
Illinois,De Kalb,037
Illinois,Dewitt,039
Illinois,Douglas,041
Illinois,Du Page,043
Illinois,Edgar,045
Illinois,Edwards,047
Illinois,Effingham,049
Illinois,Fayette,051
Illinois,Ford,053
Illinois,Franklin,055
Illinois,Fulton,057
Illinois,Gallatin,059
Illinois,Greene,061
Illinois,Grundy,063
Illinois,Hamilton,065
Illinois,Hancock,067
Illinois,Hardin,069
Illinois,Henderson,071
Illinois,Henry,073
Illinois,Iroquois,075
Illinois,Jackson,077
Illinois,Jasper,079
Illinois,Jefferson,081
Illinois,Jersey,083
Illinois,Jo Daviess,085
Illinois,Johnson,087
Illinois,Kane,089
Illinois,Kankakee,091
Illinois,Kendall,093
Illinois,Knox,095
Illinois,Lake,097
Illinois,La Salle,099
Illinois,Lawrence,101
Illinois,Lee,103
Illinois,Livingston,105
Illinois,Logan,107
Illinois,McDonough,109
Illinois,McHenry,111
Illinois,Mclean,113
Illinois,Macon,115
Illinois,Macoupin,117
Illinois,Madison,119
Illinois,Marion,121
Illinois,Marshall,123
Illinois,Mason,125
Illinois,Massac,127
Illinois,Menard,129
Illinois,Mercer,131
Illinois,Monroe,133
Illinois,Montgomery,135
Illinois,Morgan,137
Illinois,Moultrie,139
Illinois,Ogle,141
Illinois,Peoria,143
Illinois,Perry,145
Illinois,Piatt,147
Illinois,Pike,149
Illinois,Pope,151
Illinois,Pulaski,153
Illinois,Putnam,155
Illinois,Randolph,157
Illinois,Richland,159
Illinois,Rock Island,161
Illinois,St Clair,163
Illinois,Saline,165
Illinois,Sangamon,167
Illinois,Schuyler,169
Illinois,Scott,171
Illinois,Shelby,173
Illinois,Stark,175
Illinois,Stephenson,177
Illinois,Tazewell,179
Illinois,Union,181
Illinois,Vermilion,183
Illinois,Wabash,185
Illinois,Warren,187
Illinois,Washington,189
Illinois,Wayne,191
Illinois,White,193
Illinois,Whiteside,195
Illinois,Will,197
Illinois,Williamson,199
Illinois,Winnebago,201
Illinois,Woodford,203
Indiana,Adams,001
Indiana,Allen,003
Indiana,Bartholomew,005
Indiana,Benton,007
Indiana,Blackford,009
Indiana,Boone,011
Indiana,Brown,013
Indiana,Carroll,015
Indiana,Cass,017
Indiana,Clark,019
Indiana,Clay,021
Indiana,Clinton,023
Indiana,Crawford,025
Indiana,Daviess,027
Indiana,Dearborn,029
Indiana,Decatur,031
Indiana,De Kalb,033
Indiana,Delaware,035
Indiana,Dubois,037
Indiana,Elkhart,039
Indiana,Fayette,041
Indiana,Floyd,043
Indiana,Fountain,045
Indiana,Franklin,047
Indiana,Fulton,049
Indiana,Gibson,051
Indiana,Grant,053
Indiana,Greene,055
Indiana,Hamilton,057
Indiana,Hancock,059
Indiana,Harrison,061
Indiana,Hendricks,063
Indiana,Henry,065
Indiana,Howard,067
Indiana,Huntington,069
Indiana,Jackson,071
Indiana,Jasper,073
Indiana,Jay,075
Indiana,Jefferson,077
Indiana,Jennings,079
Indiana,Johnson,081
Indiana,Knox,083
Indiana,Kosciusko,085
Indiana,Lagrange,087
Indiana,Lake,089
Indiana,La Porte,091
Indiana,Lawrence,093
Indiana,Madison,095
Indiana,Marion,097
Indiana,Marshall,099
Indiana,Martin,101
Indiana,Miami,103
Indiana,Monroe,105
Indiana,Montgomery,107
Indiana,Morgan,109
Indiana,Newton,111
Indiana,Noble,113
Indiana,Ohio,115
Indiana,Orange,117
Indiana,Owen,119
Indiana,Parke,121
Indiana,Perry,123
Indiana,Pike,125
Indiana,Porter,127
Indiana,Posey,129
Indiana,Pulaski,131
Indiana,Putnam,133
Indiana,Randolph,135
Indiana,Ripley,137
Indiana,Rush,139
Indiana,St Joseph,141
Indiana,Scott,143
Indiana,Shelby,145
Indiana,Spencer,147
Indiana,Starke,149
Indiana,Steuben,151
Indiana,Sullivan,153
Indiana,Switzerland,155
Indiana,Tippecanoe,157
Indiana,Tipton,159
Indiana,Union,161
Indiana,Vanderburgh,163
Indiana,Vermillion,165
Indiana,Vigo,167
Indiana,Wabash,169
Indiana,Warren,171
Indiana,Warrick,173
Indiana,Washington,175
Indiana,Wayne,177
Indiana,Wells,179
Indiana,White,181
Indiana,Whitley,183
Iowa,Adair,001
Iowa,Adams,003
Iowa,Allamakee,005
Iowa,Appanoose,007
Iowa,Audubon,009
Iowa,Benton,011
Iowa,Black Hawk,013
Iowa,Boone,015
Iowa,Bremer,017
Iowa,Buchanan,019
Iowa,Buena Vista,021
Iowa,Butler,023
Iowa,Calhoun,025
Iowa,Carroll,027
Iowa,Cass,029
Iowa,Cedar,031
Iowa,Cerro Gordo,033
Iowa,Cherokee,035
Iowa,Chickasaw,037
Iowa,Clarke,039
Iowa,Clay,041
Iowa,Clayton,043
Iowa,Clinton,045
Iowa,Crawford,047
Iowa,Dallas,049
Iowa,Davis,051
Iowa,Decatur,053
Iowa,Delaware,055
Iowa,Des Moines,057
Iowa,Dickinson,059
Iowa,Dubuque,061
Iowa,Emmet,063
Iowa,Fayette,065
Iowa,Floyd,067
Iowa,Franklin,069
Iowa,Fremont,071
Iowa,Greene,073
Iowa,Grundy,075
Iowa,Guthrie,077
Iowa,Hamilton,079
Iowa,Hancock,081
Iowa,Hardin,083
Iowa,Harrison,085
Iowa,Henry,087
Iowa,Howard,089
Iowa,Humboldt,091
Iowa,Ida,093
Iowa,Iowa,095
Iowa,Jackson,097
Iowa,Jasper,099
Iowa,Jefferson,101
Iowa,Johnson,103
Iowa,Jones,105
Iowa,Keokuk,107
Iowa,Kossuth,109
Iowa,Lee,111
Iowa,Linn,113
Iowa,Louisa,115
Iowa,Lucas,117
Iowa,Lyon,119
Iowa,Madison,121
Iowa,Mahaska,123
Iowa,Marion,125
Iowa,Marshall,127
Iowa,Mills,129
Iowa,Mitchell,131
Iowa,Monona,133
Iowa,Monroe,135
Iowa,Montgomery,137
Iowa,Muscatine,139
Iowa,Obrien,141
Iowa,Osceola,143
Iowa,Page,145
Iowa,Palo Alto,147
Iowa,Plymouth,149
Iowa,Pocahontas,151
Iowa,Polk,153
Iowa,Pottawattamie,155
Iowa,Poweshiek,157
Iowa,Ringgold,159
Iowa,Sac,161
Iowa,Scott,163
Iowa,Shelby,165
Iowa,Sioux,167
Iowa,Story,169
Iowa,Tama,171
Iowa,Taylor,173
Iowa,Union,175
Iowa,Van Buren,177
Iowa,Wapello,179
Iowa,Warren,181
Iowa,Washington,183
Iowa,Wayne,185
Iowa,Webster,187
Iowa,Winnebago,189
Iowa,Winneshiek,191
Iowa,Woodbury,193
Iowa,Worth,195
Iowa,Wright,197
Kansas,Allen,001
Kansas,Anderson,003
Kansas,Atchison,005
Kansas,Barber,007
Kansas,Barton,009
Kansas,Bourbon,011
Kansas,Brown,013
Kansas,Butler,015
Kansas,Chase,017
Kansas,Chautauqua,019
Kansas,Cherokee,021
Kansas,Cheyenne,023
Kansas,Clark,025
Kansas,Clay,027
Kansas,Cloud,029
Kansas,Coffey,031
Kansas,Comanche,033
Kansas,Cowley,035
Kansas,Crawford,037
Kansas,Decatur,039
Kansas,Dickinson,041
Kansas,Doniphan,043
Kansas,Douglas,045
Kansas,Edwards,047
Kansas,Elk,049
Kansas,Ellis,051
Kansas,Ellsworth,053
Kansas,Finney,055
Kansas,Ford,057
Kansas,Franklin,059
Kansas,Geary,061
Kansas,Gove,063
Kansas,Graham,065
Kansas,Grant,067
Kansas,Gray,069
Kansas,Greeley,071
Kansas,Greenwood,073
Kansas,Hamilton,075
Kansas,Harper,077
Kansas,Harvey,079
Kansas,Haskell,081
Kansas,Hodgeman,083
Kansas,Jackson,085
Kansas,Jefferson,087
Kansas,Jewell,089
Kansas,Johnson,091
Kansas,Kearny,093
Kansas,Kingman,095
Kansas,Kiowa,097
Kansas,Labette,099
Kansas,Lane,101
Kansas,Leavenworth,103
Kansas,Lincoln,105
Kansas,Linn,107
Kansas,Logan,109
Kansas,Lyon,111
Kansas,McPherson,113
Kansas,Marion,115
Kansas,Marshall,117
Kansas,Meade,119
Kansas,Miami,121
Kansas,Mitchell,123
Kansas,Montgomery,125
Kansas,Morris,127
Kansas,Morton,129
Kansas,Nemaha,131
Kansas,Neosho,133
Kansas,Ness,135
Kansas,Norton,137
Kansas,Osage,139
Kansas,Osborne,141
Kansas,Ottawa,143
Kansas,Pawnee,145
Kansas,Phillips,147
Kansas,Pottawatomie,149
Kansas,Pratt,151
Kansas,Rawlins,153
Kansas,Reno,155
Kansas,Republic,157
Kansas,Rice,159
Kansas,Riley,161
Kansas,Rooks,163
Kansas,Rush,165
Kansas,Russell,167
Kansas,Saline,169
Kansas,Scott,171
Kansas,Sedgwick,173
Kansas,Seward,175
Kansas,Shawnee,177
Kansas,Sheridan,179
Kansas,Sherman,181
Kansas,Smith,183
Kansas,Stafford,185
Kansas,Stanton,187
Kansas,Stevens,189
Kansas,Sumner,191
Kansas,Thomas,193
Kansas,Trego,195
Kansas,Wabaunsee,197
Kansas,Wallace,199
Kansas,Washington,201
Kansas,Wichita,203
Kansas,Wilson,205
Kansas,Woodson,207
Kansas,Wyandotte,209
Kentucky,Adair,001
Kentucky,Allen,003
Kentucky,Anderson,005
Kentucky,Ballard,007
Kentucky,Barren,009
Kentucky,Bath,011
Kentucky,Bell,013
Kentucky,Boone,015
Kentucky,Bourbon,017
Kentucky,Boyd,019
Kentucky,Boyle,021
Kentucky,Bracken,023
Kentucky,Breathitt,025
Kentucky,Breckinridge,027
Kentucky,Bullitt,029
Kentucky,Butler,031
Kentucky,Caldwell,033
Kentucky,Calloway,035
Kentucky,Campbell,037
Kentucky,Carlisle,039
Kentucky,Carroll,041
Kentucky,Carter,043
Kentucky,Casey,045
Kentucky,Christian,047
Kentucky,Clark,049
Kentucky,Clay,051
Kentucky,Clinton,053
Kentucky,Crittenden,055
Kentucky,Cumberland,057
Kentucky,Daviess,059
Kentucky,Edmonson,061
Kentucky,Elliott,063
Kentucky,Estill,065
Kentucky,Fayette,067
Kentucky,Fleming,069
Kentucky,Floyd,071
Kentucky,Franklin,073
Kentucky,Fulton,075
Kentucky,Gallatin,077
Kentucky,Garrard,079
Kentucky,Grant,081
Kentucky,Graves,083
Kentucky,Grayson,085
Kentucky,Green,087
Kentucky,Greenup,089
Kentucky,Hancock,091
Kentucky,Hardin,093
Kentucky,Harlan,095
Kentucky,Harrison,097
Kentucky,Hart,099
Kentucky,Henderson,101
Kentucky,Henry,103
Kentucky,Hickman,105
Kentucky,Hopkins,107
Kentucky,Jackson,109
Kentucky,Jefferson,111
Kentucky,Jessamine,113
Kentucky,Johnson,115
Kentucky,Kenton,117
Kentucky,Knott,119
Kentucky,Knox,121
Kentucky,Larue,123
Kentucky,Laurel,125
Kentucky,Lawrence,127
Kentucky,Lee,129
Kentucky,Leslie,131
Kentucky,Letcher,133
Kentucky,Lewis,135
Kentucky,Lincoln,137
Kentucky,Livingston,139
Kentucky,Logan,141
Kentucky,Lyon,143
Kentucky,McCracken,145
Kentucky,McCreary,147
Kentucky,Mclean,149
Kentucky,Madison,151
Kentucky,Magoffin,153
Kentucky,Marion,155
Kentucky,Marshall,157
Kentucky,Martin,159
Kentucky,Mason,161
Kentucky,Meade,163
Kentucky,Menifee,165
Kentucky,Mercer,167
Kentucky,Metcalfe,169
Kentucky,Monroe,171
Kentucky,Montgomery,173
Kentucky,Morgan,175
Kentucky,Muhlenberg,177
Kentucky,Nelson,179
Kentucky,Nicholas,181
Kentucky,Ohio,183
Kentucky,Oldham,185
Kentucky,Owen,187
Kentucky,Owsley,189
Kentucky,Pendleton,191
Kentucky,Perry,193
Kentucky,Pike,195
Kentucky,Powell,197
Kentucky,Pulaski,199
Kentucky,Robertson,201
Kentucky,Rockcastle,203
Kentucky,Rowan,205
Kentucky,Russell,207
Kentucky,Scott,209
Kentucky,Shelby,211
Kentucky,Simpson,213
Kentucky,Spencer,215
Kentucky,Taylor,217
Kentucky,Todd,219
Kentucky,Trigg,221
Kentucky,Trimble,223
Kentucky,Union,225
Kentucky,Warren,227
Kentucky,Washington,229
Kentucky,Wayne,231
Kentucky,Webster,233
Kentucky,Whitley,235
Kentucky,Wolfe,237
Kentucky,Woodford,239
Louisiana,Acadia,001
Louisiana,Allen,003
Louisiana,Ascension,005
Louisiana,Assumption,007
Louisiana,Avoyelles,009
Louisiana,Beauregard,011
Louisiana,Bienville,013
Louisiana,Bossier,015
Louisiana,Caddo,017
Louisiana,Calcasieu,019
Louisiana,Caldwell,021
Louisiana,Cameron,023
Louisiana,Catahoula,025
Louisiana,Claiborne,027
Louisiana,Concordia,029
Louisiana,De Soto,031
Louisiana,East Baton Rouge,033
Louisiana,East Carroll,035
Louisiana,East Feliciana,037
Louisiana,Evangeline,039
Louisiana,Franklin,041
Louisiana,Grant,043
Louisiana,Iberia,045
Louisiana,Iberville,047
Louisiana,Jackson,049
Louisiana,Jefferson,051
Louisiana,Jefferson Davis,053
Louisiana,Lafayette,055
Louisiana,Lafourche,057
Louisiana,La Salle,059
Louisiana,Lincoln,061
Louisiana,Livingston,063
Louisiana,Madison,065
Louisiana,Morehouse,067
Louisiana,Natchitoches,069
Louisiana,Orleans,071
Louisiana,Ouachita,073
Louisiana,Plaquemines,075
Louisiana,Pointe Coupee,077
Louisiana,Rapides,079
Louisiana,Red River,081
Louisiana,Richland,083
Louisiana,Sabine,085
Louisiana,St Bernard,087
Louisiana,St Charles,089
Louisiana,St Helena,091
Louisiana,St James,093
Louisiana,St John The Baptist,095
Louisiana,St Landry,097
Louisiana,St Martin,099
Louisiana,St Mary,101
Louisiana,St Tammany,103
Louisiana,Tangipahoa,105
Louisiana,Tensas,107
Louisiana,Terrebonne,109
Louisiana,Union,111
Louisiana,Vermilion,113
Louisiana,Vernon,115
Louisiana,Washington,117
Louisiana,Webster,119
Louisiana,West Baton Rouge,121
Louisiana,West Carroll,123
Louisiana,West Feliciana,125
Louisiana,Winn,127
Maine,Androscoggin,001
Maine,Aroostook,003
Maine,Cumberland,005
Maine,Franklin,007
Maine,Hancock,009
Maine,Kennebec,011
Maine,Knox,013
Maine,Lincoln,015
Maine,Oxford,017
Maine,Penobscot,019
Maine,Piscataquis,021
Maine,Sagadahoc,023
Maine,Somerset,025
Maine,Waldo,027
Maine,Washington,029
Maine,York,031
Maryland,Allegany,001
Maryland,Anne Arundel,003
Maryland,Baltimore,005
Maryland,Calvert,009
Maryland,Caroline,011
Maryland,Carroll,013
Maryland,Cecil,015
Maryland,Charles,017
Maryland,Dorchester,019
Maryland,Frederick,021
Maryland,Garrett,023
Maryland,Harford,025
Maryland,Howard,027
Maryland,Kent,029
Maryland,Montgomery,031
Maryland,Prince Georges,033
Maryland,Queen Annes,035
Maryland,St Marys,037
Maryland,Somerset,039
Maryland,Talbot,041
Maryland,Washington,043
Maryland,Wicomico,045
Maryland,Worcester,047
Maryland,Baltimore City,510
Massachusetts,Barnstable,001
Massachusetts,Berkshire,003
Massachusetts,Bristol,005
Massachusetts,Dukes,007
Massachusetts,Essex,009
Massachusetts,Franklin,011
Massachusetts,Hampden,013
Massachusetts,Hampshire,015
Massachusetts,Middlesex,017
Massachusetts,Nantucket,019
Massachusetts,Norfolk,021
Massachusetts,Plymouth,023
Massachusetts,Suffolk,025
Massachusetts,Worcester,027
Michigan,Alcona,001
Michigan,Alger,003
Michigan,Allegan,005
Michigan,Alpena,007
Michigan,Antrim,009
Michigan,Arenac,011
Michigan,Baraga,013
Michigan,Barry,015
Michigan,Bay,017
Michigan,Benzie,019
Michigan,Berrien,021
Michigan,Branch,023
Michigan,Calhoun,025
Michigan,Cass,027
Michigan,Charlevoix,029
Michigan,Cheboygan,031
Michigan,Chippewa,033
Michigan,Clare,035
Michigan,Clinton,037
Michigan,Crawford,039
Michigan,Delta,041
Michigan,Dickinson,043
Michigan,Eaton,045
Michigan,Emmet,047
Michigan,Genesee,049
Michigan,Gladwin,051
Michigan,Gogebic,053
Michigan,Grand Traverse,055
Michigan,Gratiot,057
Michigan,Hillsdale,059
Michigan,Houghton,061
Michigan,Huron,063
Michigan,Ingham,065
Michigan,Ionia,067
Michigan,Iosco,069
Michigan,Iron,071
Michigan,Isabella,073
Michigan,Jackson,075
Michigan,Kalamazoo,077
Michigan,Kalkaska,079
Michigan,Kent,081
Michigan,Keweenaw,083
Michigan,Lake,085
Michigan,Lapeer,087
Michigan,Leelanau,089
Michigan,Lenawee,091
Michigan,Livingston,093
Michigan,Luce,095
Michigan,Mackinac,097
Michigan,Macomb,099
Michigan,Manistee,101
Michigan,Marquette,103
Michigan,Mason,105
Michigan,Mecosta,107
Michigan,Menominee,109
Michigan,Midland,111
Michigan,Missaukee,113
Michigan,Monroe,115
Michigan,Montcalm,117
Michigan,Montmorency,119
Michigan,Muskegon,121
Michigan,Newaygo,123
Michigan,Oakland,125
Michigan,Oceana,127
Michigan,Ogemaw,129
Michigan,Ontonagon,131
Michigan,Osceola,133
Michigan,Oscoda,135
Michigan,Otsego,137
Michigan,Ottawa,139
Michigan,Presque Isle,141
Michigan,Roscommon,143
Michigan,Saginaw,145
Michigan,St Clair,147
Michigan,St Joseph,149
Michigan,Sanilac,151
Michigan,Schoolcraft,153
Michigan,Shiawassee,155
Michigan,Tuscola,157
Michigan,Van Buren,159
Michigan,Washtenaw,161
Michigan,Wayne,163
Michigan,Wexford,165
Minnesota,Aitkin,001
Minnesota,Anoka,003
Minnesota,Becker,005
Minnesota,Beltrami,007
Minnesota,Benton,009
Minnesota,Big Stone,011
Minnesota,Blue Earth,013
Minnesota,Brown,015
Minnesota,Carlton,017
Minnesota,Carver,019
Minnesota,Cass,021
Minnesota,Chippewa,023
Minnesota,Chisago,025
Minnesota,Clay,027
Minnesota,Clearwater,029
Minnesota,Cook,031
Minnesota,Cottonwood,033
Minnesota,Crow Wing,035
Minnesota,Dakota,037
Minnesota,Dodge,039
Minnesota,Douglas,041
Minnesota,Faribault,043
Minnesota,Fillmore,045
Minnesota,Freeborn,047
Minnesota,Goodhue,049
Minnesota,Grant,051
Minnesota,Hennepin,053
Minnesota,Houston,055
Minnesota,Hubbard,057
Minnesota,Isanti,059
Minnesota,Itasca,061
Minnesota,Jackson,063
Minnesota,Kanabec,065
Minnesota,Kandiyohi,067
Minnesota,Kittson,069
Minnesota,Koochiching,071
Minnesota,Lac Qui Parle,073
Minnesota,Lake,075
Minnesota,Lake of The Woods,077
Minnesota,Le Sueur,079
Minnesota,Lincoln,081
Minnesota,Lyon,083
Minnesota,McLeod,085
Minnesota,Mahnomen,087
Minnesota,Marshall,089
Minnesota,Martin,091
Minnesota,Meeker,093
Minnesota,Mille Lacs,095
Minnesota,Morrison,097
Minnesota,Mower,099
Minnesota,Murray,101
Minnesota,Nicollet,103
Minnesota,Nobles,105
Minnesota,Norman,107
Minnesota,Olmsted,109
Minnesota,Otter Tail,111
Minnesota,Pennington,113
Minnesota,Pine,115
Minnesota,Pipestone,117
Minnesota,Polk,119
Minnesota,Pope,121
Minnesota,Ramsey,123
Minnesota,Red Lake,125
Minnesota,Redwood,127
Minnesota,Renville,129
Minnesota,Rice,131
Minnesota,Rock,133
Minnesota,Roseau,135
Minnesota,St Louis,137
Minnesota,Scott,139
Minnesota,Sherburne,141
Minnesota,Sibley,143
Minnesota,Stearns,145
Minnesota,Steele,147
Minnesota,Stevens,149
Minnesota,Swift,151
Minnesota,Todd,153
Minnesota,Traverse,155
Minnesota,Wabasha,157
Minnesota,Wadena,159
Minnesota,Waseca,161
Minnesota,Washington,163
Minnesota,Watonwan,165
Minnesota,Wilkin,167
Minnesota,Winona,169
Minnesota,Wright,171
Minnesota,Yellow Medicine,173
Mississippi,Adams,001
Mississippi,Alcorn,003
Mississippi,Amite,005
Mississippi,Attala,007
Mississippi,Benton,009
Mississippi,Bolivar,011
Mississippi,Calhoun,013
Mississippi,Carroll,015
Mississippi,Chickasaw,017
Mississippi,Choctaw,019
Mississippi,Claiborne,021
Mississippi,Clarke,023
Mississippi,Clay,025
Mississippi,Coahoma,027
Mississippi,Copiah,029
Mississippi,Covington,031
Mississippi,De Soto,033
Mississippi,Forrest,035
Mississippi,Franklin,037
Mississippi,George,039
Mississippi,Greene,041
Mississippi,Grenada,043
Mississippi,Hancock,045
Mississippi,Harrison,047
Mississippi,Hinds,049
Mississippi,Holmes,051
Mississippi,Humphreys,053
Mississippi,Issaquena,055
Mississippi,Itawamba,057
Mississippi,Jackson,059
Mississippi,Jasper,061
Mississippi,Jefferson,063
Mississippi,Jefferson Davis,065
Mississippi,Jones,067
Mississippi,Kemper,069
Mississippi,Lafayette,071
Mississippi,Lamar,073
Mississippi,Lauderdale,075
Mississippi,Lawrence,077
Mississippi,Leake,079
Mississippi,Lee,081
Mississippi,Leflore,083
Mississippi,Lincoln,085
Mississippi,Lowndes,087
Mississippi,Madison,089
Mississippi,Marion,091
Mississippi,Marshall,093
Mississippi,Monroe,095
Mississippi,Montgomery,097
Mississippi,Neshoba,099
Mississippi,Newton,101
Mississippi,Noxubee,103
Mississippi,Oktibbeha,105
Mississippi,Panola,107
Mississippi,Pearl River,109
Mississippi,Perry,111
Mississippi,Pike,113
Mississippi,Pontotoc,115
Mississippi,Prentiss,117
Mississippi,Quitman,119
Mississippi,Rankin,121
Mississippi,Scott,123
Mississippi,Sharkey,125
Mississippi,Simpson,127
Mississippi,Smith,129
Mississippi,Stone,131
Mississippi,Sunflower,133
Mississippi,Tallahatchie,135
Mississippi,Tate,137
Mississippi,Tippah,139
Mississippi,Tishomingo,141
Mississippi,Tunica,143
Mississippi,Union,145
Mississippi,Walthall,147
Mississippi,Warren,149
Mississippi,Washington,151
Mississippi,Wayne,153
Mississippi,Webster,155
Mississippi,Wilkinson,157
Mississippi,Winston,159
Mississippi,Yalobusha,161
Mississippi,Yazoo,163
Missouri,Adair,001
Missouri,Andrew,003
Missouri,Atchison,005
Missouri,Audrain,007
Missouri,Barry,009
Missouri,Barton,011
Missouri,Bates,013
Missouri,Benton,015
Missouri,Bollinger,017
Missouri,Boone,019
Missouri,Buchanan,021
Missouri,Butler,023
Missouri,Caldwell,025
Missouri,Callaway,027
Missouri,Camden,029
Missouri,Cape Girardeau,031
Missouri,Carroll,033
Missouri,Carter,035
Missouri,Cass,037
Missouri,Cedar,039
Missouri,Chariton,041
Missouri,Christian,043
Missouri,Clark,045
Missouri,Clay,047
Missouri,Clinton,049
Missouri,Cole,051
Missouri,Cooper,053
Missouri,Crawford,055
Missouri,Dade,057
Missouri,Dallas,059
Missouri,Daviess,061
Missouri,Dekalb,063
Missouri,Dent,065
Missouri,Douglas,067
Missouri,Dunklin,069
Missouri,Franklin,071
Missouri,Gasconade,073
Missouri,Gentry,075
Missouri,Greene,077
Missouri,Grundy,079
Missouri,Harrison,081
Missouri,Henry,083
Missouri,Hickory,085
Missouri,Holt,087
Missouri,Howard,089
Missouri,Howell,091
Missouri,Iron,093
Missouri,Jackson,095
Missouri,Jasper,097
Missouri,Jefferson,099
Missouri,Johnson,101
Missouri,Knox,103
Missouri,Laclede,105
Missouri,Lafayette,107
Missouri,Lawrence,109
Missouri,Lewis,111
Missouri,Lincoln,113
Missouri,Linn,115
Missouri,Livingston,117
Missouri,Mcdonald,119
Missouri,Macon,121
Missouri,Madison,123
Missouri,Maries,125
Missouri,Marion,127
Missouri,Mercer,129
Missouri,Miller,131
Missouri,Mississippi,133
Missouri,Moniteau,135
Missouri,Monroe,137
Missouri,Montgomery,139
Missouri,Morgan,141
Missouri,New Madrid,143
Missouri,Newton,145
Missouri,Nodaway,147
Missouri,Oregon,149
Missouri,Osage,151
Missouri,Ozark,153
Missouri,Pemiscot,155
Missouri,Perry,157
Missouri,Pettis,159
Missouri,Phelps,161
Missouri,Pike,163
Missouri,Platte,165
Missouri,Polk,167
Missouri,Pulaski,169
Missouri,Putnam,171
Missouri,Ralls,173
Missouri,Randolph,175
Missouri,Ray,177
Missouri,Reynolds,179
Missouri,Ripley,181
Missouri,St Charles,183
Missouri,St Clair,185
Missouri,Ste Genevieve,186
Missouri,St Francois,187
Missouri,St Louis,189
Missouri,Saline,195
Missouri,Schuyler,197
Missouri,Scotland,199
Missouri,Scott,201
Missouri,Shannon,203
Missouri,Shelby,205
Missouri,Stoddard,207
Missouri,Stone,209
Missouri,Sullivan,211
Missouri,Taney,213
Missouri,Texas,215
Missouri,Vernon,217
Missouri,Warren,219
Missouri,Washington,221
Missouri,Wayne,223
Missouri,Webster,225
Missouri,Worth,227
Missouri,Wright,229
Missouri,St Louis City,510
Montana,Beaverhead,001
Montana,Big Horn,003
Montana,Blaine,005
Montana,Broadwater,007
Montana,Carbon,009
Montana,Carter,011
Montana,Cascade,013
Montana,Chouteau,015
Montana,Custer,017
Montana,Daniels,019
Montana,Dawson,021
Montana,Deer Lodge,023
Montana,Fallon,025
Montana,Fergus,027
Montana,Flathead,029
Montana,Gallatin,031
Montana,Garfield,033
Montana,Glacier,035
Montana,Golden Valley,037
Montana,Granite,039
Montana,Hill,041
Montana,Jefferson,043
Montana,Judith Basin,045
Montana,Lake,047
Montana,Lewis and Clark,049
Montana,Liberty,051
Montana,Lincoln,053
Montana,McCone,055
Montana,Madison,057
Montana,Meagher,059
Montana,Mineral,061
Montana,Missoula,063
Montana,Musselshell,065
Montana,Park,067
Montana,Petroleum,069
Montana,Phillips,071
Montana,Pondera,073
Montana,Powder River,075
Montana,Powell,077
Montana,Prairie,079
Montana,Ravalli,081
Montana,Richland,083
Montana,Roosevelt,085
Montana,Rosebud,087
Montana,Sanders,089
Montana,Sheridan,091
Montana,Silver Bow,093
Montana,Stillwater,095
Montana,Sweet Grass,097
Montana,Teton,099
Montana,Toole,101
Montana,Treasure,103
Montana,Valley,105
Montana,Wheatland,107
Montana,Wibaux,109
Montana,Yellowstone,111
Nebraska,Adams,001
Nebraska,Antelope,003
Nebraska,Arthur,005
Nebraska,Banner,007
Nebraska,Blaine,009
Nebraska,Boone,011
Nebraska,Box Butte,013
Nebraska,Boyd,015
Nebraska,Brown,017
Nebraska,Buffalo,019
Nebraska,Burt,021
Nebraska,Butler,023
Nebraska,Cass,025
Nebraska,Cedar,027
Nebraska,Chase,029
Nebraska,Cherry,031
Nebraska,Cheyenne,033
Nebraska,Clay,035
Nebraska,Colfax,037
Nebraska,Cuming,039
Nebraska,Custer,041
Nebraska,Dakota,043
Nebraska,Dawes,045
Nebraska,Dawson,047
Nebraska,Deuel,049
Nebraska,Dixon,051
Nebraska,Dodge,053
Nebraska,Douglas,055
Nebraska,Dundy,057
Nebraska,Fillmore,059
Nebraska,Franklin,061
Nebraska,Frontier,063
Nebraska,Furnas,065
Nebraska,Gage,067
Nebraska,Garden,069
Nebraska,Garfield,071
Nebraska,Gosper,073
Nebraska,Grant,075
Nebraska,Greeley,077
Nebraska,Hall,079
Nebraska,Hamilton,081
Nebraska,Harlan,083
Nebraska,Hayes,085
Nebraska,Hitchcock,087
Nebraska,Holt,089
Nebraska,Hooker,091
Nebraska,Howard,093
Nebraska,Jefferson,095
Nebraska,Johnson,097
Nebraska,Kearney,099
Nebraska,Keith,101
Nebraska,Keya Paha,103
Nebraska,Kimball,105
Nebraska,Knox,107
Nebraska,Lancaster,109
Nebraska,Lincoln,111
Nebraska,Logan,113
Nebraska,Loup,115
Nebraska,McPherson,117
Nebraska,Madison,119
Nebraska,Merrick,121
Nebraska,Morrill,123
Nebraska,Nance,125
Nebraska,Nemaha,127
Nebraska,Nuckolls,129
Nebraska,Otoe,131
Nebraska,Pawnee,133
Nebraska,Perkins,135
Nebraska,Phelps,137
Nebraska,Pierce,139
Nebraska,Platte,141
Nebraska,Polk,143
Nebraska,Red Willow,145
Nebraska,Richardson,147
Nebraska,Rock,149
Nebraska,Saline,151
Nebraska,Sarpy,153
Nebraska,Saunders,155
Nebraska,Scotts Bluff,157
Nebraska,Seward,159
Nebraska,Sheridan,161
Nebraska,Sherman,163
Nebraska,Sioux,165
Nebraska,Stanton,167
Nebraska,Thayer,169
Nebraska,Thomas,171
Nebraska,Thurston,173
Nebraska,Valley,175
Nebraska,Washington,177
Nebraska,Wayne,179
Nebraska,Webster,181
Nebraska,Wheeler,183
Nebraska,York,185
Nevada,Churchill,001
Nevada,Clark,003
Nevada,Douglas,005
Nevada,Elko,007
Nevada,Esmeralda,009
Nevada,Eureka,011
Nevada,Humboldt,013
Nevada,Lander,015
Nevada,Lincoln,017
Nevada,Lyon,019
Nevada,Mineral,021
Nevada,Nye,023
Nevada,Pershing,027
Nevada,Storey,029
Nevada,Washoe,031
Nevada,White Pine,033
Nevada,Carson City,510
New Hampshire,Belknap,001
New Hampshire,Carroll,003
New Hampshire,Cheshire,005
New Hampshire,Coos,007
New Hampshire,Grafton,009
New Hampshire,Hillsborough,011
New Hampshire,Merrimack,013
New Hampshire,Rockingham,015
New Hampshire,Strafford,017
New Hampshire,Sullivan,019
New Jersey,Atlantic,001
New Jersey,Bergen,003
New Jersey,Burlington,005
New Jersey,Camden,007
New Jersey,Cape May,009
New Jersey,Cumberland,011
New Jersey,Essex,013
New Jersey,Gloucester,015
New Jersey,Hudson,017
New Jersey,Hunterdon,019
New Jersey,Mercer,021
New Jersey,Middlesex,023
New Jersey,Monmouth,025
New Jersey,Morris,027
New Jersey,Ocean,029
New Jersey,Passaic,031
New Jersey,Salem,033
New Jersey,Somerset,035
New Jersey,Sussex,037
New Jersey,Union,039
New Jersey,Warren,041
New Mexico,Bernalillo,001
New Mexico,Catron,003
New Mexico,Chaves,005
New Mexico,Cibola,006
New Mexico,Colfax,007
New Mexico,Curry,009
New Mexico,De Baca,011
New Mexico,Dona Ana,013
New Mexico,Eddy,015
New Mexico,Grant,017
New Mexico,Guadalupe,019
New Mexico,Harding,021
New Mexico,Hidalgo,023
New Mexico,Lea,025
New Mexico,Lincoln,027
New Mexico,Los Alamos,028
New Mexico,Luna,029
New Mexico,Mckinley,031
New Mexico,Mora,033
New Mexico,Otero,035
New Mexico,Quay,037
New Mexico,Rio Arriba,039
New Mexico,Roosevelt,041
New Mexico,Sandoval,043
New Mexico,San Juan,045
New Mexico,San Miguel,047
New Mexico,Santa Fe,049
New Mexico,Sierra,051
New Mexico,Socorro,053
New Mexico,Taos,055
New Mexico,Torrance,057
New Mexico,Union,059
New Mexico,Valencia,061
New York,Albany,001
New York,Allegany,003
New York,Bronx,005
New York,Broome,007
New York,Cattaraugus,009
New York,Cayuga,011
New York,Chautauqua,013
New York,Chemung,015
New York,Chenango,017
New York,Clinton,019
New York,Columbia,021
New York,Cortland,023
New York,Delaware,025
New York,Dutchess,027
New York,Erie,029
New York,Essex,031
New York,Franklin,033
New York,Fulton,035
New York,Genesee,037
New York,Greene,039
New York,Hamilton,041
New York,Herkimer,043
New York,Jefferson,045
New York,Kings,047
New York,Lewis,049
New York,Livingston,051
New York,Madison,053
New York,Monroe,055
New York,Montgomery,057
New York,Nassau,059
New York,New York,061
New York,Niagara,063
New York,Oneida,065
New York,Onondaga,067
New York,Ontario,069
New York,Orange,071
New York,Orleans,073
New York,Oswego,075
New York,Otsego,077
New York,Putnam,079
New York,Queens,081
New York,Rensselaer,083
New York,Richmond,085
New York,Rockland,087
New York,St Lawrence,089
New York,Saratoga,091
New York,Schenectady,093
New York,Schoharie,095
New York,Schuyler,097
New York,Seneca,099
New York,Steuben,101
New York,Suffolk,103
New York,Sullivan,105
New York,Tioga,107
New York,Tompkins,109
New York,Ulster,111
New York,Warren,113
New York,Washington,115
New York,Wayne,117
New York,Westchester,119
New York,Wyoming,121
New York,Yates,123
North Carolina,Alamance,001
North Carolina,Alexander,003
North Carolina,Alleghany,005
North Carolina,Anson,007
North Carolina,Ashe,009
North Carolina,Avery,011
North Carolina,Beaufort,013
North Carolina,Bertie,015
North Carolina,Bladen,017
North Carolina,Brunswick,019
North Carolina,Buncombe,021
North Carolina,Burke,023
North Carolina,Cabarrus,025
North Carolina,Caldwell,027
North Carolina,Camden,029
North Carolina,Carteret,031
North Carolina,Caswell,033
North Carolina,Catawba,035
North Carolina,Chatham,037
North Carolina,Cherokee,039
North Carolina,Chowan,041
North Carolina,Clay,043
North Carolina,Cleveland,045
North Carolina,Columbus,047
North Carolina,Craven,049
North Carolina,Cumberland,051
North Carolina,Currituck,053
North Carolina,Dare,055
North Carolina,Davidson,057
North Carolina,Davie,059
North Carolina,Duplin,061
North Carolina,Durham,063
North Carolina,Edgecombe,065
North Carolina,Forsyth,067
North Carolina,Franklin,069
North Carolina,Gaston,071
North Carolina,Gates,073
North Carolina,Graham,075
North Carolina,Granville,077
North Carolina,Greene,079
North Carolina,Guilford,081
North Carolina,Halifax,083
North Carolina,Harnett,085
North Carolina,Haywood,087
North Carolina,Henderson,089
North Carolina,Hertford,091
North Carolina,Hoke,093
North Carolina,Hyde,095
North Carolina,Iredell,097
North Carolina,Jackson,099
North Carolina,Johnston,101
North Carolina,Jones,103
North Carolina,Lee,105
North Carolina,Lenoir,107
North Carolina,Lincoln,109
North Carolina,McDowell,111
North Carolina,Macon,113
North Carolina,Madison,115
North Carolina,Martin,117
North Carolina,Mecklenburg,119
North Carolina,Mitchell,121
North Carolina,Montgomery,123
North Carolina,Moore,125
North Carolina,Nash,127
North Carolina,New Hanover,129
North Carolina,Northampton,131
North Carolina,Onslow,133
North Carolina,Orange,135
North Carolina,Pamlico,137
North Carolina,Pasquotank,139
North Carolina,Pender,141
North Carolina,Perquimans,143
North Carolina,Person,145
North Carolina,Pitt,147
North Carolina,Polk,149
North Carolina,Randolph,151
North Carolina,Richmond,153
North Carolina,Robeson,155
North Carolina,Rockingham,157
North Carolina,Rowan,159
North Carolina,Rutherford,161
North Carolina,Sampson,163
North Carolina,Scotland,165
North Carolina,Stanly,167
North Carolina,Stokes,169
North Carolina,Surry,171
North Carolina,Swain,173
North Carolina,Transylvania,175
North Carolina,Tyrrell,177
North Carolina,Union,179
North Carolina,Vance,181
North Carolina,Wake,183
North Carolina,Warren,185
North Carolina,Washington,187
North Carolina,Watauga,189
North Carolina,Wayne,191
North Carolina,Wilkes,193
North Carolina,Wilson,195
North Carolina,Yadkin,197
North Carolina,Yancey,199
North Dakota,Adams,001
North Dakota,Barnes,003
North Dakota,Benson,005
North Dakota,Billings,007
North Dakota,Bottineau,009
North Dakota,Bowman,011
North Dakota,Burke,013
North Dakota,Burleigh,015
North Dakota,Cass,017
North Dakota,Cavalier,019
North Dakota,Dickey,021
North Dakota,Divide,023
North Dakota,Dunn,025
North Dakota,Eddy,027
North Dakota,Emmons,029
North Dakota,Foster,031
North Dakota,Golden Valley,033
North Dakota,Grand Forks,035
North Dakota,Grant,037
North Dakota,Griggs,039
North Dakota,Hettinger,041
North Dakota,Kidder,043
North Dakota,Lamoure,045
North Dakota,Logan,047
North Dakota,McHenry,049
North Dakota,McIntosh,051
North Dakota,Mckenzie,053
North Dakota,Mclean,055
North Dakota,Mercer,057
North Dakota,Morton,059
North Dakota,Mountrail,061
North Dakota,Nelson,063
North Dakota,Oliver,065
North Dakota,Pembina,067
North Dakota,Pierce,069
North Dakota,Ramsey,071
North Dakota,Ransom,073
North Dakota,Renville,075
North Dakota,Richland,077
North Dakota,Rolette,079
North Dakota,Sargent,081
North Dakota,Sheridan,083
North Dakota,Sioux,085
North Dakota,Slope,087
North Dakota,Stark,089
North Dakota,Steele,091
North Dakota,Stutsman,093
North Dakota,Towner,095
North Dakota,Traill,097
North Dakota,Walsh,099
North Dakota,Ward,101
North Dakota,Wells,103
North Dakota,Williams,105
Ohio,Adams,001
Ohio,Allen,003
Ohio,Ashland,005
Ohio,Ashtabula,007
Ohio,Athens,009
Ohio,Auglaize,011
Ohio,Belmont,013
Ohio,Brown,015
Ohio,Butler,017
Ohio,Carroll,019
Ohio,Champaign,021
Ohio,Clark,023
Ohio,Clermont,025
Ohio,Clinton,027
Ohio,Columbiana,029
Ohio,Coshocton,031
Ohio,Crawford,033
Ohio,Cuyahoga,035
Ohio,Darke,037
Ohio,Defiance,039
Ohio,Delaware,041
Ohio,Erie,043
Ohio,Fairfield,045
Ohio,Fayette,047
Ohio,Franklin,049
Ohio,Fulton,051
Ohio,Gallia,053
Ohio,Geauga,055
Ohio,Greene,057
Ohio,Guernsey,059
Ohio,Hamilton,061
Ohio,Hancock,063
Ohio,Hardin,065
Ohio,Harrison,067
Ohio,Henry,069
Ohio,Highland,071
Ohio,Hocking,073
Ohio,Holmes,075
Ohio,Huron,077
Ohio,Jackson,079
Ohio,Jefferson,081
Ohio,Knox,083
Ohio,Lake,085
Ohio,Lawrence,087
Ohio,Licking,089
Ohio,Logan,091
Ohio,Lorain,093
Ohio,Lucas,095
Ohio,Madison,097
Ohio,Mahoning,099
Ohio,Marion,101
Ohio,Medina,103
Ohio,Meigs,105
Ohio,Mercer,107
Ohio,Miami,109
Ohio,Monroe,111
Ohio,Montgomery,113
Ohio,Morgan,115
Ohio,Morrow,117
Ohio,Muskingum,119
Ohio,Noble,121
Ohio,Ottawa,123
Ohio,Paulding,125
Ohio,Perry,127
Ohio,Pickaway,129
Ohio,Pike,131
Ohio,Portage,133
Ohio,Preble,135
Ohio,Putnam,137
Ohio,Richland,139
Ohio,Ross,141
Ohio,Sandusky,143
Ohio,Scioto,145
Ohio,Seneca,147
Ohio,Shelby,149
Ohio,Stark,151
Ohio,Summit,153
Ohio,Trumbull,155
Ohio,Tuscarawas,157
Ohio,Union,159
Ohio,Van Wert,161
Ohio,Vinton,163
Ohio,Warren,165
Ohio,Washington,167
Ohio,Wayne,169
Ohio,Williams,171
Ohio,Wood,173
Ohio,Wyandot,175
Oklahoma,Adair,001
Oklahoma,Alfalfa,003
Oklahoma,Atoka,005
Oklahoma,Beaver,007
Oklahoma,Beckham,009
Oklahoma,Blaine,011
Oklahoma,Bryan,013
Oklahoma,Caddo,015
Oklahoma,Canadian,017
Oklahoma,Carter,019
Oklahoma,Cherokee,021
Oklahoma,Choctaw,023
Oklahoma,Cimarron,025
Oklahoma,Cleveland,027
Oklahoma,Coal,029
Oklahoma,Comanche,031
Oklahoma,Cotton,033
Oklahoma,Craig,035
Oklahoma,Creek,037
Oklahoma,Custer,039
Oklahoma,Delaware,041
Oklahoma,Dewey,043
Oklahoma,Ellis,045
Oklahoma,Garfield,047
Oklahoma,Garvin,049
Oklahoma,Grady,051
Oklahoma,Grant,053
Oklahoma,Greer,055
Oklahoma,Harmon,057
Oklahoma,Harper,059
Oklahoma,Haskell,061
Oklahoma,Hughes,063
Oklahoma,Jackson,065
Oklahoma,Jefferson,067
Oklahoma,Johnston,069
Oklahoma,Kay,071
Oklahoma,Kingfisher,073
Oklahoma,Kiowa,075
Oklahoma,Latimer,077
Oklahoma,Le Flore,079
Oklahoma,Lincoln,081
Oklahoma,Logan,083
Oklahoma,Love,085
Oklahoma,Mcclain,087
Oklahoma,McCurtain,089
Oklahoma,McIntosh,091
Oklahoma,Major,093
Oklahoma,Marshall,095
Oklahoma,Mayes,097
Oklahoma,Murray,099
Oklahoma,Muskogee,101
Oklahoma,Noble,103
Oklahoma,Nowata,105
Oklahoma,Okfuskee,107
Oklahoma,Oklahoma,109
Oklahoma,Okmulgee,111
Oklahoma,Osage,113
Oklahoma,Ottawa,115
Oklahoma,Pawnee,117
Oklahoma,Payne,119
Oklahoma,Pittsburg,121
Oklahoma,Pontotoc,123
Oklahoma,Pottawatomie,125
Oklahoma,Pushmataha,127
Oklahoma,Roger Mills,129
Oklahoma,Rogers,131
Oklahoma,Seminole,133
Oklahoma,Sequoyah,135
Oklahoma,Stephens,137
Oklahoma,Texas,139
Oklahoma,Tillman,141
Oklahoma,Tulsa,143
Oklahoma,Wagoner,145
Oklahoma,Washington,147
Oklahoma,Washita,149
Oklahoma,Woods,151
Oklahoma,Woodward,153
Oregon,Baker,001
Oregon,Benton,003
Oregon,Clackamas,005
Oregon,Clatsop,007
Oregon,Columbia,009
Oregon,Coos,011
Oregon,Crook,013
Oregon,Curry,015
Oregon,Deschutes,017
Oregon,Douglas,019
Oregon,Gilliam,021
Oregon,Grant,023
Oregon,Harney,025
Oregon,Hood River,027
Oregon,Jackson,029
Oregon,Jefferson,031
Oregon,Josephine,033
Oregon,Klamath,035
Oregon,Lake,037
Oregon,Lane,039
Oregon,Lincoln,041
Oregon,Linn,043
Oregon,Malheur,045
Oregon,Marion,047
Oregon,Morrow,049
Oregon,Multnomah,051
Oregon,Polk,053
Oregon,Sherman,055
Oregon,Tillamook,057
Oregon,Umatilla,059
Oregon,Union,061
Oregon,Wallowa,063
Oregon,Wasco,065
Oregon,Washington,067
Oregon,Wheeler,069
Oregon,Yamhill,071
Pennsylvania,Adams,001
Pennsylvania,Allegheny,003
Pennsylvania,Armstrong,005
Pennsylvania,Beaver,007
Pennsylvania,Bedford,009
Pennsylvania,Berks,011
Pennsylvania,Blair,013
Pennsylvania,Bradford,015
Pennsylvania,Bucks,017
Pennsylvania,Butler,019
Pennsylvania,Cambria,021
Pennsylvania,Cameron,023
Pennsylvania,Carbon,025
Pennsylvania,Centre,027
Pennsylvania,Chester,029
Pennsylvania,Clarion,031
Pennsylvania,Clearfield,033
Pennsylvania,Clinton,035
Pennsylvania,Columbia,037
Pennsylvania,Crawford,039
Pennsylvania,Cumberland,041
Pennsylvania,Dauphin,043
Pennsylvania,Delaware,045
Pennsylvania,Elk,047
Pennsylvania,Erie,049
Pennsylvania,Fayette,051
Pennsylvania,Forest,053
Pennsylvania,Franklin,055
Pennsylvania,Fulton,057
Pennsylvania,Greene,059
Pennsylvania,Huntingdon,061
Pennsylvania,Indiana,063
Pennsylvania,Jefferson,065
Pennsylvania,Juniata,067
Pennsylvania,Lackawanna,069
Pennsylvania,Lancaster,071
Pennsylvania,Lawrence,073
Pennsylvania,Lebanon,075
Pennsylvania,Lehigh,077
Pennsylvania,Luzerne,079
Pennsylvania,Lycoming,081
Pennsylvania,McKean,083
Pennsylvania,Mercer,085
Pennsylvania,Mifflin,087
Pennsylvania,Monroe,089
Pennsylvania,Montgomery,091
Pennsylvania,Montour,093
Pennsylvania,Northampton,095
Pennsylvania,Northumberland,097
Pennsylvania,Perry,099
Pennsylvania,Philadelphia,101
Pennsylvania,Pike,103
Pennsylvania,Potter,105
Pennsylvania,Schuylkill,107
Pennsylvania,Snyder,109
Pennsylvania,Somerset,111
Pennsylvania,Sullivan,113
Pennsylvania,Susquehanna,115
Pennsylvania,Tioga,117
Pennsylvania,Union,119
Pennsylvania,Venango,121
Pennsylvania,Warren,123
Pennsylvania,Washington,125
Pennsylvania,Wayne,127
Pennsylvania,Westmoreland,129
Pennsylvania,Wyoming,131
Pennsylvania,York,133
Rhode Island,Bristol,001
Rhode Island,Kent,003
Rhode Island,Newport,005
Rhode Island,Providence,007
Rhode Island,Washington,009
South Carolina,Abbeville,001
South Carolina,Aiken,003
South Carolina,Allendale,005
South Carolina,Anderson,007
South Carolina,Bamberg,009
South Carolina,Barnwell,011
South Carolina,Beaufort,013
South Carolina,Berkeley,015
South Carolina,Calhoun,017
South Carolina,Charleston,019
South Carolina,Cherokee,021
South Carolina,Chester,023
South Carolina,Chesterfield,025
South Carolina,Clarendon,027
South Carolina,Colleton,029
South Carolina,Darlington,031
South Carolina,Dillon,033
South Carolina,Dorchester,035
South Carolina,Edgefield,037
South Carolina,Fairfield,039
South Carolina,Florence,041
South Carolina,Georgetown,043
South Carolina,Greenville,045
South Carolina,Greenwood,047
South Carolina,Hampton,049
South Carolina,Horry,051
South Carolina,Jasper,053
South Carolina,Kershaw,055
South Carolina,Lancaster,057
South Carolina,Laurens,059
South Carolina,Lee,061
South Carolina,Lexington,063
South Carolina,McCormick,065
South Carolina,Marion,067
South Carolina,Marlboro,069
South Carolina,Newberry,071
South Carolina,Oconee,073
South Carolina,Orangeburg,075
South Carolina,Pickens,077
South Carolina,Richland,079
South Carolina,Saluda,081
South Carolina,Spartanburg,083
South Carolina,Sumter,085
South Carolina,Union,087
South Carolina,Williamsburg,089
South Carolina,York,091
South Dakota,Aurora,003
South Dakota,Beadle,005
South Dakota,Bennett,007
South Dakota,Bon Homme,009
South Dakota,Brookings,011
South Dakota,Brown,013
South Dakota,Brule,015
South Dakota,Buffalo,017
South Dakota,Butte,019
South Dakota,Campbell,021
South Dakota,Charles Mix,023
South Dakota,Clark,025
South Dakota,Clay,027
South Dakota,Codington,029
South Dakota,Corson,031
South Dakota,Custer,033
South Dakota,Davison,035
South Dakota,Day,037
South Dakota,Deuel,039
South Dakota,Dewey,041
South Dakota,Douglas,043
South Dakota,Edmunds,045
South Dakota,Fall River,047
South Dakota,Faulk,049
South Dakota,Grant,051
South Dakota,Gregory,053
South Dakota,Haakon,055
South Dakota,Hamlin,057
South Dakota,Hand,059
South Dakota,Hanson,061
South Dakota,Harding,063
South Dakota,Hughes,065
South Dakota,Hutchinson,067
South Dakota,Hyde,069
South Dakota,Jackson,071
South Dakota,Jerauld,073
South Dakota,Jones,075
South Dakota,Kingsbury,077
South Dakota,Lake,079
South Dakota,Lawrence,081
South Dakota,Lincoln,083
South Dakota,Lyman,085
South Dakota,McCook,087
South Dakota,McPherson,089
South Dakota,Marshall,091
South Dakota,Meade,093
South Dakota,Mellette,095
South Dakota,Miner,097
South Dakota,Minnehaha,099
South Dakota,Moody,101
South Dakota,Pennington,103
South Dakota,Perkins,105
South Dakota,Potter,107
South Dakota,Roberts,109
South Dakota,Sanborn,111
South Dakota,Shannon,113
South Dakota,Spink,115
South Dakota,Stanley,117
South Dakota,Sully,119
South Dakota,Todd,121
South Dakota,Tripp,123
South Dakota,Turner,125
South Dakota,Union,127
South Dakota,Walworth,129
South Dakota,Yankton,135
South Dakota,Ziebach,137
Tennessee,Anderson,001
Tennessee,Bedford,003
Tennessee,Benton,005
Tennessee,Bledsoe,007
Tennessee,Blount,009
Tennessee,Bradley,011
Tennessee,Campbell,013
Tennessee,Cannon,015
Tennessee,Carroll,017
Tennessee,Carter,019
Tennessee,Cheatham,021
Tennessee,Chester,023
Tennessee,Claiborne,025
Tennessee,Clay,027
Tennessee,Cocke,029
Tennessee,Coffee,031
Tennessee,Crockett,033
Tennessee,Cumberland,035
Tennessee,Davidson,037
Tennessee,Decatur,039
Tennessee,Dekalb,041
Tennessee,Dickson,043
Tennessee,Dyer,045
Tennessee,Fayette,047
Tennessee,Fentress,049
Tennessee,Franklin,051
Tennessee,Gibson,053
Tennessee,Giles,055
Tennessee,Grainger,057
Tennessee,Greene,059
Tennessee,Grundy,061
Tennessee,Hamblen,063
Tennessee,Hamilton,065
Tennessee,Hancock,067
Tennessee,Hardeman,069
Tennessee,Hardin,071
Tennessee,Hawkins,073
Tennessee,Haywood,075
Tennessee,Henderson,077
Tennessee,Henry,079
Tennessee,Hickman,081
Tennessee,Houston,083
Tennessee,Humphreys,085
Tennessee,Jackson,087
Tennessee,Jefferson,089
Tennessee,Johnson,091
Tennessee,Knox,093
Tennessee,Lake,095
Tennessee,Lauderdale,097
Tennessee,Lawrence,099
Tennessee,Lewis,101
Tennessee,Lincoln,103
Tennessee,Loudon,105
Tennessee,McMinn,107
Tennessee,McNairy,109
Tennessee,Macon,111
Tennessee,Madison,113
Tennessee,Marion,115
Tennessee,Marshall,117
Tennessee,Maury,119
Tennessee,Meigs,121
Tennessee,Monroe,123
Tennessee,Montgomery,125
Tennessee,Moore,127
Tennessee,Morgan,129
Tennessee,Obion,131
Tennessee,Overton,133
Tennessee,Perry,135
Tennessee,Pickett,137
Tennessee,Polk,139
Tennessee,Putnam,141
Tennessee,Rhea,143
Tennessee,Roane,145
Tennessee,Robertson,147
Tennessee,Rutherford,149
Tennessee,Scott,151
Tennessee,Sequatchie,153
Tennessee,Sevier,155
Tennessee,Shelby,157
Tennessee,Smith,159
Tennessee,Stewart,161
Tennessee,Sullivan,163
Tennessee,Sumner,165
Tennessee,Tipton,167
Tennessee,Trousdale,169
Tennessee,Unicoi,171
Tennessee,Union,173
Tennessee,Van Buren,175
Tennessee,Warren,177
Tennessee,Washington,179
Tennessee,Wayne,181
Tennessee,Weakley,183
Tennessee,White,185
Tennessee,Williamson,187
Tennessee,Wilson,189
Texas,Anderson,001
Texas,Andrews,003
Texas,Angelina,005
Texas,Aransas,007
Texas,Archer,009
Texas,Armstrong,011
Texas,Atascosa,013
Texas,Austin,015
Texas,Bailey,017
Texas,Bandera,019
Texas,Bastrop,021
Texas,Baylor,023
Texas,Bee,025
Texas,Bell,027
Texas,Bexar,029
Texas,Blanco,031
Texas,Borden,033
Texas,Bosque,035
Texas,Bowie,037
Texas,Brazoria,039
Texas,Brazos,041
Texas,Brewster,043
Texas,Briscoe,045
Texas,Brooks,047
Texas,Brown,049
Texas,Burleson,051
Texas,Burnet,053
Texas,Caldwell,055
Texas,Calhoun,057
Texas,Callahan,059
Texas,Cameron,061
Texas,Camp,063
Texas,Carson,065
Texas,Cass,067
Texas,Castro,069
Texas,Chambers,071
Texas,Cherokee,073
Texas,Childress,075
Texas,Clay,077
Texas,Cochran,079
Texas,Coke,081
Texas,Coleman,083
Texas,Collin,085
Texas,Collingsworth,087
Texas,Colorado,089
Texas,Comal,091
Texas,Comanche,093
Texas,Concho,095
Texas,Cooke,097
Texas,Coryell,099
Texas,Cottle,101
Texas,Crane,103
Texas,Crockett,105
Texas,Crosby,107
Texas,Culberson,109
Texas,Dallam,111
Texas,Dallas,113
Texas,Dawson,115
Texas,Deaf Smith,117
Texas,Delta,119
Texas,Denton,121
Texas,De Witt,123
Texas,Dickens,125
Texas,Dimmit,127
Texas,Donley,129
Texas,Duval,131
Texas,Eastland,133
Texas,Ector,135
Texas,Edwards,137
Texas,Ellis,139
Texas,El Paso,141
Texas,Erath,143
Texas,Falls,145
Texas,Fannin,147
Texas,Fayette,149
Texas,Fisher,151
Texas,Floyd,153
Texas,Foard,155
Texas,Fort Bend,157
Texas,Franklin,159
Texas,Freestone,161
Texas,Frio,163
Texas,Gaines,165
Texas,Galveston,167
Texas,Garza,169
Texas,Gillespie,171
Texas,Glasscock,173
Texas,Goliad,175
Texas,Gonzales,177
Texas,Gray,179
Texas,Grayson,181
Texas,Gregg,183
Texas,Grimes,185
Texas,Guadalupe,187
Texas,Hale,189
Texas,Hall,191
Texas,Hamilton,193
Texas,Hansford,195
Texas,Hardeman,197
Texas,Hardin,199
Texas,Harris,201
Texas,Harrison,203
Texas,Hartley,205
Texas,Haskell,207
Texas,Hays,209
Texas,Hemphill,211
Texas,Henderson,213
Texas,Hidalgo,215
Texas,Hill,217
Texas,Hockley,219
Texas,Hood,221
Texas,Hopkins,223
Texas,Houston,225
Texas,Howard,227
Texas,Hudspeth,229
Texas,Hunt,231
Texas,Hutchinson,233
Texas,Irion,235
Texas,Jack,237
Texas,Jackson,239
Texas,Jasper,241
Texas,Jeff Davis,243
Texas,Jefferson,245
Texas,Jim Hogg,247
Texas,Jim Wells,249
Texas,Johnson,251
Texas,Jones,253
Texas,Karnes,255
Texas,Kaufman,257
Texas,Kendall,259
Texas,Kenedy,261
Texas,Kent,263
Texas,Kerr,265
Texas,Kimble,267
Texas,King,269
Texas,Kinney,271
Texas,Kleberg,273
Texas,Knox,275
Texas,Lamar,277
Texas,Lamb,279
Texas,Lampasas,281
Texas,La Salle,283
Texas,Lavaca,285
Texas,Lee,287
Texas,Leon,289
Texas,Liberty,291
Texas,Limestone,293
Texas,Lipscomb,295
Texas,Live Oak,297
Texas,Llano,299
Texas,Loving,301
Texas,Lubbock,303
Texas,Lynn,305
Texas,McCulloch,307
Texas,McLennan,309
Texas,McMullen,311
Texas,Madison,313
Texas,Marion,315
Texas,Martin,317
Texas,Mason,319
Texas,Matagorda,321
Texas,Maverick,323
Texas,Medina,325
Texas,Menard,327
Texas,Midland,329
Texas,Milam,331
Texas,Mills,333
Texas,Mitchell,335
Texas,Montague,337
Texas,Montgomery,339
Texas,Moore,341
Texas,Morris,343
Texas,Motley,345
Texas,Nacogdoches,347
Texas,Navarro,349
Texas,Newton,351
Texas,Nolan,353
Texas,Nueces,355
Texas,Ochiltree,357
Texas,Oldham,359
Texas,Orange,361
Texas,Palo Pinto,363
Texas,Panola,365
Texas,Parker,367
Texas,Parmer,369
Texas,Pecos,371
Texas,Polk,373
Texas,Potter,375
Texas,Presidio,377
Texas,Rains,379
Texas,Randall,381
Texas,Reagan,383
Texas,Real,385
Texas,Red River,387
Texas,Reeves,389
Texas,Refugio,391
Texas,Roberts,393
Texas,Robertson,395
Texas,Rockwall,397
Texas,Runnels,399
Texas,Rusk,401
Texas,Sabine,403
Texas,San Augustine,405
Texas,San Jacinto,407
Texas,San Patricio,409
Texas,San Saba,411
Texas,Schleicher,413
Texas,Scurry,415
Texas,Shackelford,417
Texas,Shelby,419
Texas,Sherman,421
Texas,Smith,423
Texas,Somervell,425
Texas,Starr,427
Texas,Stephens,429
Texas,Sterling,431
Texas,Stonewall,433
Texas,Sutton,435
Texas,Swisher,437
Texas,Tarrant,439
Texas,Taylor,441
Texas,Terrell,443
Texas,Terry,445
Texas,Throckmorton,447
Texas,Titus,449
Texas,Tom Green,451
Texas,Travis,453
Texas,Trinity,455
Texas,Tyler,457
Texas,Upshur,459
Texas,Upton,461
Texas,Uvalde,463
Texas,Val Verde,465
Texas,Van Zandt,467
Texas,Victoria,469
Texas,Walker,471
Texas,Waller,473
Texas,Ward,475
Texas,Washington,477
Texas,Webb,479
Texas,Wharton,481
Texas,Wheeler,483
Texas,Wichita,485
Texas,Wilbarger,487
Texas,Willacy,489
Texas,Williamson,491
Texas,Wilson,493
Texas,Winkler,495
Texas,Wise,497
Texas,Wood,499
Texas,Yoakum,501
Texas,Young,503
Texas,Zapata,505
Texas,Zavala,507
Utah,Beaver,001
Utah,Box Elder,003
Utah,Cache,005
Utah,Carbon,007
Utah,Daggett,009
Utah,Davis,011
Utah,Duchesne,013
Utah,Emery,015
Utah,Garfield,017
Utah,Grand,019
Utah,Iron,021
Utah,Juab,023
Utah,Kane,025
Utah,Millard,027
Utah,Morgan,029
Utah,Piute,031
Utah,Rich,033
Utah,Salt Lake,035
Utah,San Juan,037
Utah,Sanpete,039
Utah,Sevier,041
Utah,Summit,043
Utah,Tooele,045
Utah,Uintah,047
Utah,Utah,049
Utah,Wasatch,051
Utah,Washington,053
Utah,Wayne,055
Utah,Weber,057
Vermont,Addison,001
Vermont,Bennington,003
Vermont,Caledonia,005
Vermont,Chittenden,007
Vermont,Essex,009
Vermont,Franklin,011
Vermont,Grand Isle,013
Vermont,Lamoille,015
Vermont,Orange,017
Vermont,Orleans,019
Vermont,Rutland,021
Vermont,Washington,023
Vermont,Windham,025
Vermont,Windsor,027
Virginia,Accomack,001
Virginia,Albemarle,003
Virginia,Alleghany,005
Virginia,Amelia,007
Virginia,Amherst,009
Virginia,Appomattox,011
Virginia,Arlington,013
Virginia,Augusta,015
Virginia,Bath,017
Virginia,Bedford,019
Virginia,Bland,021
Virginia,Botetourt,023
Virginia,Brunswick,025
Virginia,Buchanan,027
Virginia,Buckingham,029
Virginia,Campbell,031
Virginia,Caroline,033
Virginia,Carroll,035
Virginia,Charles City,036
Virginia,Charlotte,037
Virginia,Chesterfield,041
Virginia,Clarke,043
Virginia,Craig,045
Virginia,Culpeper,047
Virginia,Cumberland,049
Virginia,Dickenson,051
Virginia,Dinwiddie,053
Virginia,Essex,057
Virginia,Fairfax,059
Virginia,Fauquier,061
Virginia,Floyd,063
Virginia,Fluvanna,065
Virginia,Franklin,067
Virginia,Frederick,069
Virginia,Giles,071
Virginia,Gloucester,073
Virginia,Goochland,075
Virginia,Grayson,077
Virginia,Greene,079
Virginia,Greensville,081
Virginia,Halifax,083
Virginia,Hanover,085
Virginia,Henrico,087
Virginia,Henry,089
Virginia,Highland,091
Virginia,Isle of Wight,093
Virginia,James City,095
Virginia,King and Queen,097
Virginia,King George,099
Virginia,King William,101
Virginia,Lancaster,103
Virginia,Lee,105
Virginia,Loudoun,107
Virginia,Louisa,109
Virginia,Lunenburg,111
Virginia,Madison,113
Virginia,Mathews,115
Virginia,Mecklenburg,117
Virginia,Middlesex,119
Virginia,Montgomery,121
Virginia,Nelson,125
Virginia,New Kent,127
Virginia,Northampton,131
Virginia,Northumberland,133
Virginia,Nottoway,135
Virginia,Orange,137
Virginia,Page,139
Virginia,Patrick,141
Virginia,Pittsylvania,143
Virginia,Powhatan,145
Virginia,Prince Edward,147
Virginia,Prince George,149
Virginia,Prince William,153
Virginia,Pulaski,155
Virginia,Rappahannock,157
Virginia,Richmond,159
Virginia,Roanoke,161
Virginia,Rockbridge,163
Virginia,Rockingham,165
Virginia,Russell,167
Virginia,Scott,169
Virginia,Shenandoah,171
Virginia,Smyth,173
Virginia,Southampton,175
Virginia,Spotsylvania,177
Virginia,Stafford,179
Virginia,Surry,181
Virginia,Sussex,183
Virginia,Tazewell,185
Virginia,Warren,187
Virginia,Washington,191
Virginia,Westmoreland,193
Virginia,Wise,195
Virginia,Wythe,197
Virginia,York,199
Virginia,Alexandria City,510
Virginia,Bedford City,515
Virginia,Bristol City,520
Virginia,Buena Vista City,530
Virginia,Charlottesville City,540
Virginia,Chesapeake City,550
Virginia,Clifton Forge City,560
Virginia,Colonial Heights City,570
Virginia,Covington City,580
Virginia,Danville City,590
Virginia,Emporia City,595
Virginia,Fairfax City,600
Virginia,Falls Church City,610
Virginia,Franklin City,620
Virginia,Fredericksburg City,630
Virginia,Galax City,640
Virginia,Hampton City,650
Virginia,Harrisonburg City,660
Virginia,Hopewell City,670
Virginia,Lexington City,678
Virginia,Lynchburg City,680
Virginia,Manassas City,683
Virginia,Manassas Park City,685
Virginia,Martinsville City,690
Virginia,Newport News City,700
Virginia,Norfolk City,710
Virginia,Norton City,720
Virginia,Petersburg City,730
Virginia,Poquoson City,735
Virginia,Portsmouth City,740
Virginia,Radford,750
Virginia,Richmond City,760
Virginia,Roanoke City,770
Virginia,Salem City,775
Virginia,South Boston City,780
Virginia,Staunton City,790
Virginia,Suffolk City,800
Virginia,Virginia Beach City,810
Virginia,Waynesboro City,820
Virginia,Williamsburg City,830
Virginia,Winchester City,840
Washington,Adams,001
Washington,Asotin,003
Washington,Benton,005
Washington,Chelan,007
Washington,Clallam,009
Washington,Clark,011
Washington,Columbia,013
Washington,Cowlitz,015
Washington,Douglas,017
Washington,Ferry,019
Washington,Franklin,021
Washington,Garfield,023
Washington,Grant,025
Washington,Grays Harbor,027
Washington,Island,029
Washington,Jefferson,031
Washington,King,033
Washington,Kitsap,035
Washington,Kittitas,037
Washington,Klickitat,039
Washington,Lewis,041
Washington,Lincoln,043
Washington,Mason,045
Washington,Okanogan,047
Washington,Pacific,049
Washington,Pend Oreille,051
Washington,Pierce,053
Washington,San Juan,055
Washington,Skagit,057
Washington,Skamania,059
Washington,Snohomish,061
Washington,Spokane,063
Washington,Stevens,065
Washington,Thurston,067
Washington,Wahkiakum,069
Washington,Walla Walla,071
Washington,Whatcom,073
Washington,Whitman,075
Washington,Yakima,077
West Virginia,Barbour,001
West Virginia,Berkeley,003
West Virginia,Boone,005
West Virginia,Braxton,007
West Virginia,Brooke,009
West Virginia,Cabell,011
West Virginia,Calhoun,013
West Virginia,Clay,015
West Virginia,Doddridge,017
West Virginia,Fayette,019
West Virginia,Gilmer,021
West Virginia,Grant,023
West Virginia,Greenbrier,025
West Virginia,Hampshire,027
West Virginia,Hancock,029
West Virginia,Hardy,031
West Virginia,Harrison,033
West Virginia,Jackson,035
West Virginia,Jefferson,037
West Virginia,Kanawha,039
West Virginia,Lewis,041
West Virginia,Lincoln,043
West Virginia,Logan,045
West Virginia,McDowell,047
West Virginia,Marion,049
West Virginia,Marshall,051
West Virginia,Mason,053
West Virginia,Mercer,055
West Virginia,Mineral,057
West Virginia,Mingo,059
West Virginia,Monongalia,061
West Virginia,Monroe,063
West Virginia,Morgan,065
West Virginia,Nicholas,067
West Virginia,Ohio,069
West Virginia,Pendleton,071
West Virginia,Pleasants,073
West Virginia,Pocahontas,075
West Virginia,Preston,077
West Virginia,Putnam,079
West Virginia,Raleigh,081
West Virginia,Randolph,083
West Virginia,Ritchie,085
West Virginia,Roane,087
West Virginia,Summers,089
West Virginia,Taylor,091
West Virginia,Tucker,093
West Virginia,Tyler,095
West Virginia,Upshur,097
West Virginia,Wayne,099
West Virginia,Webster,101
West Virginia,Wetzel,103
West Virginia,Wirt,105
West Virginia,Wood,107
West Virginia,Wyoming,109
Wisconsin,Adams,001
Wisconsin,Ashland,003
Wisconsin,Barron,005
Wisconsin,Bayfield,007
Wisconsin,Brown,009
Wisconsin,Buffalo,011
Wisconsin,Burnett,013
Wisconsin,Calumet,015
Wisconsin,Chippewa,017
Wisconsin,Clark,019
Wisconsin,Columbia,021
Wisconsin,Crawford,023
Wisconsin,Dane,025
Wisconsin,Dodge,027
Wisconsin,Door,029
Wisconsin,Douglas,031
Wisconsin,Dunn,033
Wisconsin,Eau Claire,035
Wisconsin,Florence,037
Wisconsin,Fond Du Lac,039
Wisconsin,Forest,041
Wisconsin,Grant,043
Wisconsin,Green,045
Wisconsin,Green Lake,047
Wisconsin,Iowa,049
Wisconsin,Iron,051
Wisconsin,Jackson,053
Wisconsin,Jefferson,055
Wisconsin,Juneau,057
Wisconsin,Kenosha,059
Wisconsin,Kewaunee,061
Wisconsin,La Crosse,063
Wisconsin,Lafayette,065
Wisconsin,Langlade,067
Wisconsin,Lincoln,069
Wisconsin,Manitowoc,071
Wisconsin,Marathon,073
Wisconsin,Marinette,075
Wisconsin,Marquette,077
Wisconsin,Menominee,078
Wisconsin,Milwaukee,079
Wisconsin,Monroe,081
Wisconsin,Oconto,083
Wisconsin,Oneida,085
Wisconsin,Outagamie,087
Wisconsin,Ozaukee,089
Wisconsin,Pepin,091
Wisconsin,Pierce,093
Wisconsin,Polk,095
Wisconsin,Portage,097
Wisconsin,Price,099
Wisconsin,Racine,101
Wisconsin,Richland,103
Wisconsin,Rock,105
Wisconsin,Rusk,107
Wisconsin,St Croix,109
Wisconsin,Sauk,111
Wisconsin,Sawyer,113
Wisconsin,Shawano,115
Wisconsin,Sheboygan,117
Wisconsin,Taylor,119
Wisconsin,Trempealeau,121
Wisconsin,Vernon,123
Wisconsin,Vilas,125
Wisconsin,Walworth,127
Wisconsin,Washburn,129
Wisconsin,Washington,131
Wisconsin,Waukesha,133
Wisconsin,Waupaca,135
Wisconsin,Waushara,137
Wisconsin,Winnebago,139
Wisconsin,Wood,141
Wyoming,Albany,001
Wyoming,Big Horn,003
Wyoming,Campbell,005
Wyoming,Carbon,007
Wyoming,Converse,009
Wyoming,Crook,011
Wyoming,Fremont,013
Wyoming,Goshen,015
Wyoming,Hot Springs,017
Wyoming,Johnson,019
Wyoming,Laramie,021
Wyoming,Lincoln,023
Wyoming,Natrona,025
Wyoming,Niobrara,027
Wyoming,Park,029
Wyoming,Platte,031
Wyoming,Sheridan,033
Wyoming,Sublette,035
Wyoming,Sweetwater,037
Wyoming,Teton,039
Wyoming,Uinta,041
Wyoming,Washakie,043
Wyoming,Weston,045
